symbol,identifier,purpose,lastPrice,change,pChange,previousClose,finalQuantity,totalTurnover,marketCap,yearHigh,yearLow,iep,chartTodayPath,preOpenPrice,buyQty,sellQty
RBLBANK,RBLBANKEQN,,193.9,5.81,3.09,188.09,326481,63304665,110835033192.39,272.05,146.1,193.9,https://nsearchives.nseindia.com/today/preOpen_RBLBANKEQN.svg,192.0,10425,0
RELIANCE,RELIANCEEQN,,1340.0,39.6,3.05,1300.4,864627,1158600180,8790819144876.46,1608.8,1114.85,1340.0,https://nsearchives.nseindia.com/today/preOpen_RELIANCEEQN.svg,1337.0,100,0
INDUSTOWER,INDUSTOWEREQN,,409.0,11.65,2.93,397.35,195600,80000400,523255319668.07,460.35,292.0,409.0,https://nsearchives.nseindia.com/today/preOpen_INDUSTOWEREQN.svg,408.1,300,0
OFSS,OFSSEQN,,8770.0,166.0,1.93,8604.0,1988,17434760,202486082401.04,13220.0,7022.55,8770.0,https://nsearchives.nseindia.com/today/preOpen_OFSSEQN.svg,8690.0,10,0
M&M,M&MEQN,,2918.9,54.7,1.91,2864.2,46473,135650039,2531914750056.3,3270.95,2001.0,2918.9,https://nsearchives.nseindia.com/today/preOpen_M&MEQN.svg,2904.2,5,0
HINDZINC,HINDZINCEQN,,452.0,7.0,1.57,445.0,24862,11237624,162360147345.98,807.7,378.15,452.0,https://nsearchives.nseindia.com/today/preOpen_HINDZINCEQN.svg,450.05,105,0
IGL,IGLEQN,,180.59,2.39,1.34,178.2,57843,10445867,124792227099.53,285.18,153.05,180.59,https://nsearchives.nseindia.com/today/preOpen_IGLEQN.svg,180.2,1351,0
DELHIVERY,DELHIVERYEQN,,308.5,3.6,1.18,304.9,28054,8654659,154145755806.44,468.8,236.53,308.5,https://nsearchives.nseindia.com/today/preOpen_DELHIVERYEQN.svg,307.2,500,0
BHARTIARTL,BHARTIARTLEQN,,1836.0,18.8,1.03,1817.2,64582,118572552,4855984280018.99,1904.3,1219.05,1836.0,https://nsearchives.nseindia.com/today/preOpen_BHARTIARTLEQN.svg,1828.0,20,0
BIOCON,BIOCONEQN,,314.85,3.0,0.96,311.85,10732,3378970,140126703537.6,404.7,269.55,314.85,https://nsearchives.nseindia.com/today/preOpen_BIOCONEQN.svg,312.45,2,0
BSOFT,BSOFTEQN,,388.9,2.85,0.74,386.05,6228,2422069,63244427976.13,760.45,331.0,388.9,https://nsearchives.nseindia.com/today/preOpen_BSOFTEQN.svg,387.1,55,0
LODHA,LODHAEQN,,1314.7,9.6,0.74,1305.1,1871,2459803,361771778485.43,1649.95,1035.15,1314.7,https://nsearchives.nseindia.com/today/preOpen_LODHAEQN.svg,1310.4,200,0
CYIENT,CYIENTEQN,,1179.0,8.2,0.7,1170.8,2043,2408697,99210547924.78,2157.45,1084.05,1179.0,https://nsearchives.nseindia.com/today/preOpen_CYIENTEQN.svg,1175.1,4,0
INDUSINDBK,INDUSINDBKEQN,,828.0,5.65,0.69,822.35,34489,28556892,538544526106.73,1550.0,606.0,828.0,https://nsearchives.nseindia.com/today/preOpen_INDUSINDBKEQN.svg,826.0,50,0
RAMCOCEM,RAMCOCEMEQN,,974.95,6.3,0.65,968.65,1060,1033447,121176033730.8,1060.0,700.0,974.95,https://nsearchives.nseindia.com/today/preOpen_RAMCOCEMEQN.svg,959.9,1,0
FEDERALBNK,FEDERALBNKEQN,,197.74,1.25,0.64,196.49,18334,3625365,479429833733.77,217.0,148.0,197.74,https://nsearchives.nseindia.com/today/preOpen_FEDERALBNKEQN.svg,196.8,125,0
SUPREMEIND,SUPREMEINDEQN,,3500.0,22.2,0.64,3477.8,402,1407000,223830900129.81,6460.0,3095.0,3500.0,https://nsearchives.nseindia.com/today/preOpen_SUPREMEINDEQN.svg,3470.0,1,0
HINDUNILVR,HINDUNILVREQN,,2345.0,12.8,0.55,2332.2,13769,32288305,2060596833457.58,3035.0,2136.0,2345.0,https://nsearchives.nseindia.com/today/preOpen_HINDUNILVREQN.svg,2333.0,60,0
RECLTD,RECLTDEQN,,424.5,2.3,0.54,422.2,23432,9946884,524389509474.6,654.0,357.35,424.5,https://nsearchives.nseindia.com/today/preOpen_RECLTDEQN.svg,423.3,10,0
LICHSGFIN,LICHSGFINEQN,,595.35,3.15,0.53,592.2,5566,3313718,179027617516.13,826.75,483.7,595.35,https://nsearchives.nseindia.com/today/preOpen_LICHSGFINEQN.svg,595.0,1354,0
DIXON,DIXONEQN,,16305.0,86.0,0.53,16219.0,2024,33001320,624278172233.97,19148.9,7932.55,16305.0,https://nsearchives.nseindia.com/today/preOpen_DIXONEQN.svg,16285.0,5,0
TECHM,TECHMEQN,,1469.3,7.3,0.5,1462.0,5255,7721171,923543527732.19,1807.7,1172.8,1469.3,https://nsearchives.nseindia.com/today/preOpen_TECHMEQN.svg,1464.0,50,0
IDEA,IDEAEQN,,7.5,0.03,0.4,7.47,2695005,20212537,292897746106.93,19.18,6.61,7.5,https://nsearchives.nseindia.com/today/preOpen_IDEAEQN.svg,7.46,482035,0
PERSISTENT,PERSISTENTEQN,,5293.5,20.0,0.38,5273.5,1777,9406549,558430029379.8,6788.9,3232.05,5293.5,https://nsearchives.nseindia.com/today/preOpen_PERSISTENTEQN.svg,5279.5,100,0
ZYDUSLIFE,ZYDUSLIFEEQN,,862.95,3.3,0.38,859.65,7924,6838015,213894623535.32,1324.3,795.0,862.95,https://nsearchives.nseindia.com/today/preOpen_ZYDUSLIFEEQN.svg,860.0,74,0
POLICYBZR,POLICYBZREQN,,1600.0,5.8,0.36,1594.2,1619,2590400,525885384928.47,2246.9,1159.05,1600.0,https://nsearchives.nseindia.com/today/preOpen_POLICYBZREQN.svg,1594.4,44,0
JINDALSTEL,JINDALSTELEQN,,895.0,3.2,0.36,891.8,1715,1534925,336609854468.33,1097.0,723.35,895.0,https://nsearchives.nseindia.com/today/preOpen_JINDALSTELEQN.svg,889.0,100,0
NATIONALUM,NATIONALUMEQN,,157.0,0.5,0.32,156.5,74842,11750194,139411296754.79,262.99,137.75,157.0,https://nsearchives.nseindia.com/today/preOpen_NATIONALUMEQN.svg,156.61,1000,0
HAL,HALEQN,,4209.9,13.5,0.32,4196.4,12384,52135401,793999694622.0,5674.75,3046.05,4209.9,https://nsearchives.nseindia.com/today/preOpen_HALEQN.svg,4201.0,2,0
HCLTECH,HCLTECHEQN,,1565.0,4.8,0.31,1578.2,24839,38873035,1667546215888.84,2012.2,1235.0,1565.0,https://nsearchives.nseindia.com/today/preOpen_HCLTECHEQN.svg,1563.1,301,0
ADANIGREEN,ADANIGREENEQN,,915.35,2.8,0.31,912.55,23336,21360607,279685044707.65,2174.1,758.0,915.35,https://nsearchives.nseindia.com/today/preOpen_ADANIGREENEQN.svg,914.95,2764,0
COFORGE,COFORGEEQN,,7410.0,20.0,0.27,7390.0,1334,9884940,489902249949.75,10026.8,4287.25,7410.0,https://nsearchives.nseindia.com/today/preOpen_COFORGEEQN.svg,7390.5,75,0
TVSMOTOR,TVSMOTOREQN,,2745.0,7.1,0.26,2737.9,1199,3291255,640779931164.32,2958.0,1918.5,2745.0,https://nsearchives.nseindia.com/today/preOpen_TVSMOTOREQN.svg,2737.7,2,0
LTIM,LTIMEQN,,4510.0,11.7,0.26,4498.3,438,1975380,412626871743.5,6767.95,3802.0,4510.0,https://nsearchives.nseindia.com/today/preOpen_LTIMEQN.svg,4501.0,20,0
MGL,MGLEQN,,1282.8,3.2,0.25,1279.6,890,1141692,72698927381.33,1988.0,1075.25,1282.8,https://nsearchives.nseindia.com/today/preOpen_MGLEQN.svg,1279.6,136,0
DLF,DLFEQN,,655.0,1.45,0.22,653.55,5459,3575645,417187803544.29,929.0,601.2,655.0,https://nsearchives.nseindia.com/today/preOpen_DLFEQN.svg,653.75,25,0
PRESTIGE,PRESTIGEEQN,,1264.6,2.8,0.22,1261.8,1344,1699622,212270827027.88,2074.8,1048.05,1264.6,https://nsearchives.nseindia.com/today/preOpen_PRESTIGEEQN.svg,1251.1,10,0
MCX,MCXEQN,,6065.0,12.5,0.21,6052.5,617,3742105,307790406192.31,7048.6,2917.85,6065.0,https://nsearchives.nseindia.com/today/preOpen_MCXEQN.svg,6052.5,196,0
CONCOR,CONCOREQN,,680.0,1.25,0.18,678.75,2945,2002600,185554759690.02,1180.0,601.25,680.0,https://nsearchives.nseindia.com/today/preOpen_CONCOREQN.svg,678.75,325,0
SAIL,SAILEQN,,115.0,0.19,0.17,114.81,63885,7346775,164979871163.19,175.35,99.15,115.0,https://nsearchives.nseindia.com/today/preOpen_SAILEQN.svg,114.6,7,0
VEDL,VEDLEQN,,414.0,0.7,0.17,413.3,40677,16840278,697716994253.16,526.95,363.0,414.0,https://nsearchives.nseindia.com/today/preOpen_VEDLEQN.svg,413.55,10,0
PAYTM,PAYTMEQN,,877.05,1.4,0.16,875.65,6574,5765726,296915859792.24,1062.95,310.0,877.05,https://nsearchives.nseindia.com/today/preOpen_PAYTMEQN.svg,876.25,10,0
INDIANB,INDIANBEQN,,570.0,0.8,0.14,569.2,2124,1210680,199794396366.9,632.7,473.9,570.0,https://nsearchives.nseindia.com/today/preOpen_INDIANBEQN.svg,568.0,100,0
UNIONBANK,UNIONBANKEQN,,125.12,0.18,0.14,124.94,19191,2401177,239918023679.18,172.5,100.81,125.12,https://nsearchives.nseindia.com/today/preOpen_UNIONBANKEQN.svg,124.8,21,0
DRREDDY,DRREDDYEQN,,1176.3,1.5,0.13,1174.8,1621,1906782,712989725622.51,1421.49,1020.0,1176.3,https://nsearchives.nseindia.com/today/preOpen_DRREDDYEQN.svg,1175.4,20,0
BALKRISIND,BALKRISINDEQN,,2520.9,2.7,0.11,2518.2,173,436115,202048676863.3,3375.0,2152.05,2520.9,https://nsearchives.nseindia.com/today/preOpen_BALKRISINDEQN.svg,2500.0,382,0
ACC,ACCEQN,,1940.0,2.0,0.1,1938.0,1882,3651080,130056074492.97,2844.0,1778.45,1940.0,https://nsearchives.nseindia.com/today/preOpen_ACCEQN.svg,1938.8,3,0
PNBHOUSING,PNBHOUSINGEQN,,972.6,0.9,0.09,971.7,1806,1756515,154406026419.35,1202.2,616.6,972.6,https://nsearchives.nseindia.com/today/preOpen_PNBHOUSINGEQN.svg,970.0,18,0
EICHERMOT,EICHERMOTEQN,,5580.5,5.0,0.09,5575.5,426,2377293,762041999398.94,5906.5,4253.85,5580.5,https://nsearchives.nseindia.com/today/preOpen_EICHERMOTEQN.svg,5575.0,16,0
ICICIBANK,ICICIBANKEQN,,1405.6,0.8,0.06,1404.8,71348,100286748,9959384079609.37,1436.0,1051.05,1405.6,https://nsearchives.nseindia.com/today/preOpen_ICICIBANKEQN.svg,1404.8,1516,0
VOLTAS,VOLTASEQN,,1230.1,0.7,0.06,1229.4,3240,3985524,278546662755.09,1944.9,1135.0,1230.1,https://nsearchives.nseindia.com/today/preOpen_VOLTASEQN.svg,1229.3,1,0
MAXHEALTH,MAXHEALTHEQN,,1068.0,0.6,0.06,1067.4,1761,1880748,789855385556.51,1227.95,743.1,1068.0,https://nsearchives.nseindia.com/today/preOpen_MAXHEALTHEQN.svg,1065.7,10,0
YESBANK,YESBANKEQN,,17.78,0.01,0.06,17.77,364590,6482410,334119842684.43,28.55,16.02,17.78,https://nsearchives.nseindia.com/today/preOpen_YESBANKEQN.svg,17.74,4,0
HINDALCO,HINDALCOEQN,,622.45,0.35,0.06,622.1,8737,5438345,895434102331.41,772.65,546.45,622.45,https://nsearchives.nseindia.com/today/preOpen_HINDALCOEQN.svg,622.15,50,0
GODREJCP,GODREJCPEQN,,1267.1,0.6,0.05,1266.5,630,798273,601327333381.52,1541.85,979.5,1267.1,https://nsearchives.nseindia.com/today/preOpen_GODREJCPEQN.svg,1263.9,25,0
MUTHOOTFIN,MUTHOOTFINEQN,,2094.0,0.8,0.04,2093.2,2022,4234068,223868219971.74,2435.4,1509.7,2094.0,https://nsearchives.nseindia.com/today/preOpen_MUTHOOTFINEQN.svg,2090.0,20,0
DIVISLAB,DIVISLABEQN,,6015.0,2.5,0.04,6012.5,402,2418030,763110046845.24,6308.5,3724.0,6015.0,https://nsearchives.nseindia.com/today/preOpen_DIVISLABEQN.svg,6010.0,1,0
AMBUJACEM,AMBUJACEMEQN,,548.85,0.15,0.03,548.7,2540,1394079,364052310221.76,706.95,453.05,548.85,https://nsearchives.nseindia.com/today/preOpen_AMBUJACEMEQN.svg,548.0,90,0
TORNTPHARM,TORNTPHARMEQN,,3240.0,1.1,0.03,3238.9,95,307800,337935565175.73,3590.7,2519.95,3240.0,https://nsearchives.nseindia.com/today/preOpen_TORNTPHARMEQN.svg,3225.0,31,0
UPL,UPLEQN,,662.0,0.15,0.02,661.85,2815,1863530,333064592838.2,692.2,446.49,662.0,https://nsearchives.nseindia.com/today/preOpen_UPLEQN.svg,661.1,3,0
TATATECH,TATATECHEQN,,693.35,0.15,0.02,693.2,15080,10455718,106422227010.94,1136.0,597.0,693.35,https://nsearchives.nseindia.com/today/preOpen_TATATECHEQN.svg,693.05,31,0
APOLLOHOSP,APOLLOHOSPEQN,,6954.5,1.5,0.02,6953.0,817,5681826,698424284892.73,7545.35,5693.2,6954.5,https://nsearchives.nseindia.com/today/preOpen_APOLLOHOSPEQN.svg,6950.0,23,0
OBEROIRLTY,OBEROIRLTYEQN,,1606.4,0.2,0.01,1606.2,596,957414,187918221821.22,2343.65,1437.0,1606.4,https://nsearchives.nseindia.com/today/preOpen_OBEROIRLTYEQN.svg,1602.0,1,0
GRASIM,GRASIMEQN,,2735.0,0.2,0.01,2734.8,905,2475175,1045879849548.44,2877.75,2171.6,2735.0,https://nsearchives.nseindia.com/today/preOpen_GRASIMEQN.svg,2730.0,28,0
HINDCOPPER,HINDCOPPEREQN,,213.5,0.02,0.01,213.48,11027,2354264,69773951013.69,415.8,183.82,213.5,https://nsearchives.nseindia.com/today/preOpen_HINDCOPPEREQN.svg,213.2,1733,0
SIEMENS,SIEMENSEQN,,2833.5,0.0,0.0,2833.5,916,2595486,249734016890.29,8129.9,2450.0,2833.5,https://nsearchives.nseindia.com/today/preOpen_SIEMENSEQN.svg,2830.0,18,0
HFCL,HFCLEQN,,81.15,0.0,0.0,81.15,26674,2164595,74893513507.13,171.0,71.6,81.15,https://nsearchives.nseindia.com/today/preOpen_HFCLEQN.svg,81.0,607,0
LAURUSLABS,LAURUSLABSEQN,,625.65,0.0,0.0,625.65,11957,7480897,243193682583.32,660.9,385.45,625.65,https://nsearchives.nseindia.com/today/preOpen_LAURUSLABSEQN.svg,623.1,163,0
AARTIIND,AARTIINDEQN,,428.95,0.0,0.0,428.95,4156,1782716,87524469252.0,769.25,344.2,428.95,https://nsearchives.nseindia.com/today/preOpen_AARTIINDEQN.svg,427.4,100,0
BANKBARODA,BANKBARODAEQN,,246.79,0.0,0.0,246.79,13508,3333639,454515797665.28,299.7,190.7,246.79,https://nsearchives.nseindia.com/today/preOpen_BANKBARODAEQN.svg,246.4,1000,0
BANKINDIA,BANKINDIAEQN,,115.29,0.0,0.0,115.29,13841,1595728,139647516691.47,157.95,90.05,115.29,https://nsearchives.nseindia.com/today/preOpen_BANKINDIAEQN.svg,115.0,1233,0
BAJAJ-AUTO,BAJAJ-AUTOEQN,,8034.0,0.0,0.0,8034.0,638,5125692,885961104931.51,12774.0,7089.35,8034.0,https://nsearchives.nseindia.com/today/preOpen_BAJAJ-AUTOEQN.svg,8011.0,1,0
SOLARINDS,SOLARINDSEQN,,12757.0,0.0,0.0,12757.0,371,4732847,308865297503.86,13300.0,7888.25,12757.0,https://nsearchives.nseindia.com/today/preOpen_SOLARINDSEQN.svg,12715.0,1,0
ATGL,ATGLEQN,,600.0,0.0,0.0,600.0,3709,2225400,167260841924.85,1190.0,532.6,600.0,https://nsearchives.nseindia.com/today/preOpen_ATGLEQN.svg,597.05,15,0
PFC,PFCEQN,,415.05,0.0,0.0,415.05,39884,16553854,598235648843.17,580.0,357.25,415.05,https://nsearchives.nseindia.com/today/preOpen_PFCEQN.svg,413.0,1256,0
ABB,ABBEQN,,5499.0,0.0,0.0,5499.0,456,2507544,286571739554.42,9149.95,4684.45,5499.0,https://nsearchives.nseindia.com/today/preOpen_ABBEQN.svg,5485.0,3,0
DALBHARAT,DALBHARATEQN,,1965.9,0.0,0.0,1965.9,241,473781,156330810049.01,2019.1,1601.0,1965.9,https://nsearchives.nseindia.com/today/preOpen_DALBHARATEQN.svg,1958.2,2,0
HDFCBANK,HDFCBANKEQN,,1911.2,0.0,0.0,1911.2,146585,280153252,14475999412787.13,1978.9,1426.8,1911.2,https://nsearchives.nseindia.com/today/preOpen_HDFCBANKEQN.svg,1910.0,96,0
AXISBANK,AXISBANKEQN,,1166.3,0.0,0.0,1166.3,17857,20826619,3322011912950.64,1339.65,933.5,1166.3,https://nsearchives.nseindia.com/today/preOpen_AXISBANKEQN.svg,1164.3,2,0
KPITTECH,KPITTECHEQN,,1221.0,0.0,0.0,1221.0,2252,2749692,198292686707.23,1928.7,1020.6,1221.0,https://nsearchives.nseindia.com/today/preOpen_KPITTECHEQN.svg,1217.0,5,0
SBIN,SBINEQN,,798.65,0.0,0.0,798.65,24652,19688319,3055252351927.71,912.0,680.0,798.65,https://nsearchives.nseindia.com/today/preOpen_SBINEQN.svg,798.2,6,0
SHREECEM,SHREECEMEQN,,30540.0,0.0,0.0,30540.0,21,641340,406237202980.99,31415.0,23500.0,30540.0,https://nsearchives.nseindia.com/today/preOpen_SHREECEMEQN.svg,30125.0,1,0
ANGELONE,ANGELONEEQN,,2328.4,0.0,0.0,2328.4,3455,8044622,134468568242.82,3503.15,1941.0,2328.4,https://nsearchives.nseindia.com/today/preOpen_ANGELONEEQN.svg,2322.0,223,0
BHEL,BHELEQN,,222.37,0.0,0.0,222.37,32595,7248150,283016772187.69,335.35,176.0,222.37,https://nsearchives.nseindia.com/today/preOpen_BHELEQN.svg,222.0,2530,0
HAVELLS,HAVELLSEQN,,1599.8,0.0,0.0,1599.8,1089,1742182,401564394790.46,2106.0,1381.3,1599.8,https://nsearchives.nseindia.com/today/preOpen_HAVELLSEQN.svg,1596.0,15,0
NMDC,NMDCEQN,,64.95,0.0,0.0,64.95,131034,8510658,224034941090.79,95.45,59.53,64.95,https://nsearchives.nseindia.com/today/preOpen_NMDCEQN.svg,64.81,2000,0
SUNPHARMA,SUNPHARMAEQN,,1787.4,0.0,0.0,1787.4,1805,3226257,1915846195698.4,1960.35,1377.2,1787.4,https://nsearchives.nseindia.com/today/preOpen_SUNPHARMAEQN.svg,1784.2,2,0
TATACHEM,TATACHEMEQN,,826.45,0.0,0.0,826.45,1452,1200005,128553242074.25,1247.35,756.0,826.45,https://nsearchives.nseindia.com/today/preOpen_TATACHEMEQN.svg,825.0,314,0
TATAELXSI,TATAELXSIEQN,,5612.5,0.0,0.0,5612.5,1074,6027825,193574871898.87,9080.0,4700.0,5612.5,https://nsearchives.nseindia.com/today/preOpen_TATAELXSIEQN.svg,5606.0,1,0
LUPIN,LUPINEQN,,2019.6,0.0,0.0,2019.6,618,1248112,487089956637.35,2402.9,1493.3,2019.6,https://nsearchives.nseindia.com/today/preOpen_LUPINEQN.svg,2010.5,407,0
COALINDIA,COALINDIAEQN,,393.15,0.0,0.0,393.15,16408,6450805,889427211619.22,543.55,349.25,393.15,https://nsearchives.nseindia.com/today/preOpen_COALINDIAEQN.svg,392.65,2032,0
INFY,INFYEQN,,1480.2,0.0,0.0,1480.2,31418,46504923,5314051249902.65,2006.45,1307.0,1480.2,https://nsearchives.nseindia.com/today/preOpen_INFYEQN.svg,1479.0,1001,0
PNB,PNBEQN,,99.29,0.0,0.0,99.29,72674,7215801,340373033337.43,142.9,85.46,99.29,https://nsearchives.nseindia.com/today/preOpen_PNBEQN.svg,99.23,4,0
CDSL,CDSLEQN,,1330.9,0.0,0.0,1330.9,38830,51678847,235916702178.3,1989.8,917.63,1330.9,https://nsearchives.nseindia.com/today/preOpen_CDSLEQN.svg,1330.0,259,0
DMART,DMARTEQN,,4375.2,0.0,0.0,4375.2,2039,8921032,641631475415.4,5484.85,3340.0,4375.2,https://nsearchives.nseindia.com/today/preOpen_DMARTEQN.svg,4360.0,3,0
CIPLA,CIPLAEQN,,1525.9,0.0,0.0,1525.9,2591,3953606,855651193510.84,1702.05,1317.25,1525.9,https://nsearchives.nseindia.com/today/preOpen_CIPLAEQN.svg,1523.2,2,0
SYNGENE,SYNGENEEQN,,630.1,0.0,0.0,630.1,7683,4841058,118706119061.04,960.6,607.65,630.1,https://nsearchives.nseindia.com/today/preOpen_SYNGENEEQN.svg,628.8,25,0
GRANULES,GRANULESEQN,,452.55,0.0,0.0,452.55,1363,616825,65350722033.75,721.0,389.35,452.55,https://nsearchives.nseindia.com/today/preOpen_GRANULESEQN.svg,449.55,5,0
TORNTPOWER,TORNTPOWEREQN,,1538.5,-0.1,-0.01,1538.6,167,256929,291851991042.69,2037.0,1207.25,1538.5,https://nsearchives.nseindia.com/today/preOpen_TORNTPOWEREQN.svg,1531.5,50,0
KALYANKJIL,KALYANKJILEQN,,501.2,-0.05,-0.01,501.25,12679,6354714,191538201726.66,795.4,336.05,501.2,https://nsearchives.nseindia.com/today/preOpen_KALYANKJILEQN.svg,500.2,10,0
HEROMOTOCO,HEROMOTOCOEQN,,3895.0,-0.5,-0.01,3895.5,1523,5932085,501776159959.48,6246.25,3344.0,3895.0,https://nsearchives.nseindia.com/today/preOpen_HEROMOTOCOEQN.svg,3880.0,4,0
PEL,PELEQN,,981.05,-0.15,-0.02,981.2,1133,1111529,116497774757.08,1275.0,736.6,981.05,https://nsearchives.nseindia.com/today/preOpen_PELEQN.svg,979.75,1,0
NHPC,NHPCEQN,,86.04,-0.03,-0.03,86.07,109875,9453645,270716649271.01,118.4,71.0,86.04,https://nsearchives.nseindia.com/today/preOpen_NHPCEQN.svg,85.9,25,0
ULTRACEMCO,ULTRACEMCOEQN,,12232.0,-5.0,-0.04,12237.0,1530,18714960,1414376031342.68,12304.0,9408.05,12232.0,https://nsearchives.nseindia.com/today/preOpen_ULTRACEMCOEQN.svg,12217.0,1,0
ADANIENSOL,ADANIENSOLEQN,,914.0,-0.35,-0.04,914.35,7747,7080758,328193757840.66,1348.0,588.0,914.0,https://nsearchives.nseindia.com/today/preOpen_ADANIENSOLEQN.svg,912.0,70,0
GLENMARK,GLENMARKEQN,,1360.0,-0.7,-0.05,1360.7,929,1263440,204395785519.1,1830.95,985.2,1360.0,https://nsearchives.nseindia.com/today/preOpen_GLENMARKEQN.svg,1355.0,25,0
HDFCAMC,HDFCAMCEQN,,4380.0,-2.5,-0.06,4382.5,741,3245580,443668366721.97,4864.0,3415.55,4380.0,https://nsearchives.nseindia.com/today/preOpen_HDFCAMCEQN.svg,4363.0,30,0
BSE,BSEEQN,,6300.0,-3.5,-0.06,6303.5,10202,64272600,852269040865.51,6595.0,2115.0,6300.0,https://nsearchives.nseindia.com/today/preOpen_BSEEQN.svg,6295.0,74,0
TIINDIA,TIINDIAEQN,,2572.0,-1.9,-0.07,2573.9,299,769028,275634951158.71,4810.8,2407.1,2572.0,https://nsearchives.nseindia.com/today/preOpen_TIINDIAEQN.svg,2560.0,11,0
TITAGARH,TITAGARHEQN,,778.0,-0.55,-0.07,778.55,13237,10298386,61893643422.58,1896.95,654.55,778.0,https://nsearchives.nseindia.com/today/preOpen_TITAGARHEQN.svg,774.15,1,0
ABFRL,ABFRLEQN,,263.9,-0.25,-0.09,264.15,3855,1017334,123781203119.38,364.4,231.3,263.9,https://nsearchives.nseindia.com/today/preOpen_ABFRLEQN.svg,262.0,115,0
CROMPTON,CROMPTONEQN,,334.5,-0.35,-0.1,334.85,1102,368619,214351260676.99,484.0,301.0,334.5,https://nsearchives.nseindia.com/today/preOpen_CROMPTONEQN.svg,331.05,1,0
CAMS,CAMSEQN,,3934.0,-4.1,-0.1,3938.1,1220,4799480,188293452612.94,5367.5,3030.05,3934.0,https://nsearchives.nseindia.com/today/preOpen_CAMSEQN.svg,3920.5,15,0
PATANJALI,PATANJALIEQN,,1965.0,-2.0,-0.1,1967.0,949,1864785,217148157710.29,2011.0,1169.95,1965.0,https://nsearchives.nseindia.com/today/preOpen_PATANJALIEQN.svg,1950.0,100,0
MRF,MRFEQN,,128500.0,-155.0,-0.12,128655.0,39,5011500,259527110008.1,143849.9,102124.05,128500.0,https://nsearchives.nseindia.com/today/preOpen_MRFEQN.svg,127655.0,1,0
COLPAL,COLPALEQN,,2668.0,-3.4,-0.13,2671.4,468,1248624,350186978845.81,3890.0,2311.5,2668.0,https://nsearchives.nseindia.com/today/preOpen_COLPALEQN.svg,2660.0,54,0
ONGC,ONGCEQN,,246.0,-0.33,-0.13,246.33,22736,5593056,952916446493.33,345.0,205.0,246.0,https://nsearchives.nseindia.com/today/preOpen_ONGCEQN.svg,245.71,20,0
PETRONET,PETRONETEQN,,309.0,-0.4,-0.13,309.4,1890,584010,230953257049.26,384.2,253.4,309.0,https://nsearchives.nseindia.com/today/preOpen_PETRONETEQN.svg,307.0,29,0
SONACOMS,SONACOMSEQN,,453.0,-0.65,-0.14,453.65,3329,1508037,202812087070.94,768.65,380.0,453.0,https://nsearchives.nseindia.com/today/preOpen_SONACOMSEQN.svg,451.35,10,0
BRITANNIA,BRITANNIAEQN,,5413.0,-7.5,-0.14,5420.5,225,1217925,636886596805.59,6469.9,4506.0,5413.0,https://nsearchives.nseindia.com/today/preOpen_BRITANNIAEQN.svg,5400.5,57,0
TATAMOTORS,TATAMOTORSEQN,,654.3,-0.95,-0.14,655.25,52811,34554237,1361490960582.91,1179.0,535.75,654.3,https://nsearchives.nseindia.com/today/preOpen_TATAMOTORSEQN.svg,654.1,1,0
LICI,LICIEQN,,790.0,-1.2,-0.15,791.2,5516,4357640,174748368527.74,1222.0,715.3,790.0,https://nsearchives.nseindia.com/today/preOpen_LICIEQN.svg,788.2,50,0
SBICARD,SBICARDEQN,,866.05,-1.5,-0.17,867.55,4929,4268760,258330215493.68,930.65,647.95,866.05,https://nsearchives.nseindia.com/today/preOpen_SBICARDEQN.svg,864.85,295,0
WIPRO,WIPROEQN,,240.5,-0.4,-0.17,240.9,41555,9993977,681297501501.44,324.6,208.5,240.5,https://nsearchives.nseindia.com/today/preOpen_WIPROEQN.svg,240.2,1519,0
PAGEIND,PAGEINDEQN,,44525.0,-80.0,-0.18,44605.0,12,534300,279776135012.31,49849.95,33870.0,44525.0,https://nsearchives.nseindia.com/today/preOpen_PAGEINDEQN.svg,44200.0,1,0
JSL,JSLEQN,,558.4,-1.0,-0.18,559.4,347,193764,179710779091.64,848.0,496.6,558.4,https://nsearchives.nseindia.com/today/preOpen_JSLEQN.svg,555.6,100,0
TATACOMM,TATACOMMEQN,,1566.8,-2.8,-0.18,1569.6,389,609485,183195373383.0,2175.0,1291.0,1566.8,https://nsearchives.nseindia.com/today/preOpen_TATACOMMEQN.svg,1560.0,51,0
TATASTEEL,TATASTEELEQN,,138.54,-0.31,-0.22,138.85,94553,13099372,1142488193998.84,184.6,122.62,138.54,https://nsearchives.nseindia.com/today/preOpen_TATASTEELEQN.svg,138.45,10,0
M&MFIN,M&MFINEQN,,264.0,-0.6,-0.23,264.6,923,243672,155491625020.17,343.0,237.95,264.0,https://nsearchives.nseindia.com/today/preOpen_M&MFINEQN.svg,263.4,1001,0
JUBLFOOD,JUBLFOODEQN,,692.7,-1.6,-0.23,694.3,1674,1159579,263753923803.13,796.75,436.05,692.7,https://nsearchives.nseindia.com/today/preOpen_JUBLFOODEQN.svg,690.3,4,0
GODREJPROP,GODREJPROPEQN,,2080.0,-5.3,-0.25,2085.3,539,1121120,313600917386.97,3402.7,1900.0,2080.0,https://nsearchives.nseindia.com/today/preOpen_GODREJPROPEQN.svg,2070.1,200,0
HDFCLIFE,HDFCLIFEEQN,,702.7,-1.85,-0.26,704.55,2600,1827020,750290338256.1,761.2,511.4,702.7,https://nsearchives.nseindia.com/today/preOpen_HDFCLIFEEQN.svg,700.0,858,0
IEX,IEXEQN,,190.0,-0.5,-0.26,190.5,30423,5780370,143588380507.39,244.4,134.15,190.0,https://nsearchives.nseindia.com/today/preOpen_IEXEQN.svg,189.76,250,0
MPHASIS,MPHASISEQN,,2532.0,-6.6,-0.26,2538.6,3846,9738072,286083994962.92,3237.95,2044.55,2532.0,https://nsearchives.nseindia.com/today/preOpen_MPHASISEQN.svg,2529.9,4,0
JIOFIN,JIOFINEQN,,252.39,-0.66,-0.26,253.05,172196,43460548,824494351980.05,387.35,198.65,252.39,https://nsearchives.nseindia.com/today/preOpen_JIOFINEQN.svg,252.1,16,0
ITC,ITCEQN,,426.65,-1.15,-0.27,427.8,21585,9209240,3969586991930.04,528.5,390.15,426.65,https://nsearchives.nseindia.com/today/preOpen_ITCEQN.svg,426.1,601,0
BAJAJFINSV,BAJAJFINSVEQN,,2040.0,-5.5,-0.27,2045.5,2549,5199960,1109561629204.23,2135.0,1419.05,2040.0,https://nsearchives.nseindia.com/today/preOpen_BAJAJFINSVEQN.svg,2035.5,2,0
TITAN,TITANEQN,,3356.0,-9.2,-0.27,3365.2,882,2959992,1380798950537.55,3867.0,2925.0,3356.0,https://nsearchives.nseindia.com/today/preOpen_TITANEQN.svg,3345.0,15,0
CHAMBLFERT,CHAMBLFERTEQN,,675.0,-1.85,-0.27,676.85,2703,1824525,102585578298.58,699.7,333.4,675.0,https://nsearchives.nseindia.com/today/preOpen_CHAMBLFERTEQN.svg,673.0,15,0
CANBK,CANBKEQN,,96.26,-0.27,-0.28,96.53,207468,19970869,323632290407.77,128.9,78.6,96.26,https://nsearchives.nseindia.com/today/preOpen_CANBKEQN.svg,96.13,43,0
PHOENIXLTD,PHOENIXLTDEQN,,1624.2,-4.8,-0.29,1629.0,261,423916,301943622856.54,2068.5,1338.05,1624.2,https://nsearchives.nseindia.com/today/preOpen_PHOENIXLTDEQN.svg,1622.0,30,0
SBILIFE,SBILIFEEQN,,1690.0,-5.1,-0.3,1695.1,4224,7138560,755842004188.92,1936.0,1307.7,1690.0,https://nsearchives.nseindia.com/today/preOpen_SBILIFEEQN.svg,1684.5,50,0
NYKAA,NYKAAEQN,,190.99,-0.58,-0.3,191.57,2673,510516,259836872137.97,229.8,149.75,190.99,https://nsearchives.nseindia.com/today/preOpen_NYKAAEQN.svg,190.1,300,0
AUBANK,AUBANKEQN,,673.0,-2.15,-0.32,675.15,4548,3060804,375699636677.93,755.4,478.35,673.0,https://nsearchives.nseindia.com/today/preOpen_AUBANKEQN.svg,670.0,304,0
DABUR,DABUREQN,,483.0,-1.6,-0.33,484.6,2550,1231650,284887418876.48,672.0,433.3,483.0,https://nsearchives.nseindia.com/today/preOpen_DABUREQN.svg,480.4,500,0
IIFL,IIFLEQN,,365.0,-1.2,-0.33,366.2,812,296380,84436018785.02,560.6,279.8,365.0,https://nsearchives.nseindia.com/today/preOpen_IIFLEQN.svg,361.0,75,0
KOTAKBANK,KOTAKBANKEQN,,2197.0,-7.4,-0.34,2204.4,3841,8438677,3221089764873.86,2301.9,1543.85,2197.0,https://nsearchives.nseindia.com/today/preOpen_KOTAKBANKEQN.svg,2195.0,505,0
ESCORTS,ESCORTSEQN,,3322.2,-11.5,-0.34,3333.7,97,322253,110832664742.67,4420.0,2825.2,3322.2,https://nsearchives.nseindia.com/today/preOpen_ESCORTSEQN.svg,3303.7,2,0
AUROPHARMA,AUROPHARMAEQN,,1216.0,-4.1,-0.34,1220.1,3020,3672320,339467298748.38,1592.0,1010.0,1216.0,https://nsearchives.nseindia.com/today/preOpen_AUROPHARMAEQN.svg,1211.0,1,0
ADANIENT,ADANIENTEQN,,2346.0,-8.3,-0.35,2354.3,3971,9315966,609383221742.11,3743.9,2025.0,2346.0,https://nsearchives.nseindia.com/today/preOpen_ADANIENTEQN.svg,2342.5,25,0
BAJFINANCE,BAJFINANCEEQN,,9080.0,-32.0,-0.35,9112.0,2593,23544440,2374056754305.13,9660.0,6375.7,9080.0,https://nsearchives.nseindia.com/today/preOpen_BAJFINANCEEQN.svg,9070.0,2,0
BANDHANBNK,BANDHANBNKEQN,,164.86,-0.59,-0.36,165.45,12514,2063058,137109557992.92,222.31,128.16,164.86,https://nsearchives.nseindia.com/today/preOpen_BANDHANBNKEQN.svg,164.25,5,0
LT,LTEQN,,3260.0,-12.1,-0.37,3272.1,4503,14679780,3826039915706.59,3963.5,2965.3,3260.0,https://nsearchives.nseindia.com/today/preOpen_LTEQN.svg,3257.0,25,0
VBL,VBLEQN,,520.0,-1.95,-0.37,521.95,13043,6782360,695426297806.73,681.12,419.55,520.0,https://nsearchives.nseindia.com/today/preOpen_VBLEQN.svg,518.5,65,0
TATAPOWER,TATAPOWEREQN,,386.15,-1.45,-0.37,387.6,24103,9307373,647714565955.38,494.85,326.35,386.15,https://nsearchives.nseindia.com/today/preOpen_TATAPOWEREQN.svg,385.6,57,0
TCS,TCSEQN,,3435.0,-13.0,-0.38,3448.0,21534,73969290,3497699071313.17,4592.25,3056.05,3435.0,https://nsearchives.nseindia.com/today/preOpen_TCSEQN.svg,3429.0,11,0
MARICO,MARICOEQN,,707.7,-2.7,-0.38,710.4,1676,1186105,373689404580.76,736.9,503.15,707.7,https://nsearchives.nseindia.com/today/preOpen_MARICOEQN.svg,705.1,100,0
CUMMINSIND,CUMMINSINDEQN,,2850.0,-11.1,-0.39,2861.1,378,1077300,384700195756.8,4171.9,2580.0,2850.0,https://nsearchives.nseindia.com/today/preOpen_CUMMINSINDEQN.svg,2835.0,5,0
TRENT,TRENTEQN,,5124.5,-20.5,-0.4,5145.0,1760,9019120,1135645278035.0,8345.0,4052.4,5124.5,https://nsearchives.nseindia.com/today/preOpen_TRENTEQN.svg,5114.5,1,0
GAIL,GAILEQN,,185.99,-0.75,-0.4,186.74,19270,3584027,501442625942.03,246.3,150.52,185.99,https://nsearchives.nseindia.com/today/preOpen_GAILEQN.svg,185.4,1900,0
OIL,OILEQN,,397.75,-1.6,-0.4,399.35,2457,977271,216250852336.94,767.9,325.0,397.75,https://nsearchives.nseindia.com/today/preOpen_OILEQN.svg,397.0,1711,0
MANAPPURAM,MANAPPURAMEQN,,226.0,-0.93,-0.41,226.93,6033,1363458,123885566032.54,247.6,138.35,226.0,https://nsearchives.nseindia.com/today/preOpen_MANAPPURAMEQN.svg,225.11,500,0
ADANIPORTS,ADANIPORTSEQN,,1188.1,-4.9,-0.41,1193.0,4319,5131403,875426202704.18,1621.4,995.65,1188.1,https://nsearchives.nseindia.com/today/preOpen_ADANIPORTSEQN.svg,1185.5,530,0
APLAPOLLO,APLAPOLLOEQN,,1610.0,-6.9,-0.43,1616.9,714,1149540,289046939857.98,1728.95,1272.7,1610.0,https://nsearchives.nseindia.com/today/preOpen_APLAPOLLOEQN.svg,1600.1,1000,0
POLYCAB,POLYCABEQN,,5483.5,-23.5,-0.43,5507.0,817,4480019,275805552050.83,7605.0,4555.0,5483.5,https://nsearchives.nseindia.com/today/preOpen_POLYCABEQN.svg,5465.0,100,0
IRB,IRBEQN,,46.7,-0.21,-0.45,46.91,42727,1995350,92510009998.56,78.15,40.96,46.7,https://nsearchives.nseindia.com/today/preOpen_IRBEQN.svg,46.48,9,0
NAUKRI,NAUKRIEQN,,7005.0,-33.5,-0.48,7038.5,270,1891350,544450368272.99,9128.9,5250.0,7005.0,https://nsearchives.nseindia.com/today/preOpen_NAUKRIEQN.svg,6985.0,52,0
ASIANPAINT,ASIANPAINTEQN,,2419.9,-11.7,-0.48,2431.6,2927,7083047,1094249968144.85,3394.9,2124.75,2419.9,https://nsearchives.nseindia.com/today/preOpen_ASIANPAINTEQN.svg,2415.5,1,0
ABCAPITAL,ABCAPITALEQN,,195.0,-0.94,-0.48,195.94,7975,1555125,139055085881.69,246.9,149.01,195.0,https://nsearchives.nseindia.com/today/preOpen_ABCAPITALEQN.svg,194.15,500,0
BOSCHLTD,BOSCHLTDEQN,,27860.0,-135.0,-0.48,27995.0,10,278600,242584046121.45,39088.8,25921.6,27860.0,https://nsearchives.nseindia.com/today/preOpen_BOSCHLTDEQN.svg,27720.0,1,0
ICICIGI,ICICIGIEQN,,1845.0,-9.1,-0.49,1854.1,605,1116225,442730293575.71,2301.9,1480.5,1845.0,https://nsearchives.nseindia.com/today/preOpen_ICICIGIEQN.svg,1835.0,1,0
IRCTC,IRCTCEQN,,748.2,-3.65,-0.49,751.85,5946,4448797,225946502880.0,1138.9,656.0,748.2,https://nsearchives.nseindia.com/today/preOpen_IRCTCEQN.svg,745.8,1,0
MFSL,MFSLEQN,,1260.0,-6.4,-0.51,1266.4,1137,1432620,325154333478.2,1306.45,864.0,1260.0,https://nsearchives.nseindia.com/today/preOpen_MFSLEQN.svg,1245.1,75,0
APOLLOTYRE,APOLLOTYREEQN,,459.0,-2.4,-0.52,461.4,2420,1110780,148275695582.45,584.9,370.9,459.0,https://nsearchives.nseindia.com/today/preOpen_APOLLOTYREEQN.svg,457.05,1,0
MOTHERSON,MOTHERSONEQN,,133.01,-0.7,-0.52,133.71,12269,1631899,392004393319.96,216.99,107.25,133.01,https://nsearchives.nseindia.com/today/preOpen_MOTHERSONEQN.svg,132.56,160,0
PIIND,PIINDEQN,,3565.0,-18.9,-0.53,3583.9,356,1269140,289596973533.48,4804.05,2951.1,3565.0,https://nsearchives.nseindia.com/today/preOpen_PIINDEQN.svg,3533.0,1,0
BEL,BELEQN,,296.0,-1.6,-0.54,297.6,59777,17693992,1060813495068.01,340.5,221.0,296.0,https://nsearchives.nseindia.com/today/preOpen_BELEQN.svg,295.55,250,0
NESTLEIND,NESTLEINDEQN,,2400.0,-13.5,-0.56,2413.5,744,1785600,861774429601.91,2778.0,2110.0,2400.0,https://nsearchives.nseindia.com/today/preOpen_NESTLEINDEQN.svg,2392.2,2,0
HUDCO,HUDCOEQN,,219.0,-1.24,-0.56,220.24,12863,2816997,109897546861.12,353.7,158.85,219.0,https://nsearchives.nseindia.com/today/preOpen_HUDCOEQN.svg,218.65,1500,0
GMRAIRPORT,GMRAIRPORTEQN,,85.0,-0.5,-0.58,85.5,19985,1698725,305501420055.62,103.75,67.75,85.0,https://nsearchives.nseindia.com/today/preOpen_GMRAIRPORTEQN.svg,84.55,2050,0
DEEPAKNTR,DEEPAKNTREQN,,1950.0,-11.3,-0.58,1961.3,801,1561950,133958260182.57,3169.0,1782.0,1950.0,https://nsearchives.nseindia.com/today/preOpen_DEEPAKNTREQN.svg,1941.0,3,0
BHARATFORG,BHARATFORGEQN,,1082.0,-6.5,-0.6,1088.5,685,741170,287976749732.34,1804.5,919.1,1082.0,https://nsearchives.nseindia.com/today/preOpen_BHARATFORGEQN.svg,1080.0,101,0
SRF,SRFEQN,,2950.0,-18.1,-0.61,2968.1,456,1345200,431083598914.85,3085.0,2089.1,2950.0,https://nsearchives.nseindia.com/today/preOpen_SRFEQN.svg,2943.0,455,0
IRFC,IRFCEQN,,128.0,-0.8,-0.62,128.8,98535,12612480,228075330441.73,229.0,108.04,128.0,https://nsearchives.nseindia.com/today/preOpen_IRFCEQN.svg,127.75,100,0
IOC,IOCEQN,,133.81,-0.84,-0.62,134.65,45453,6082065,501187116409.5,185.97,110.72,133.81,https://nsearchives.nseindia.com/today/preOpen_IOCEQN.svg,133.65,1137,0
IREDA,IREDAEQN,,166.51,-1.04,-0.62,167.55,62205,10357754,112013040452.76,310.0,137.01,166.51,https://nsearchives.nseindia.com/today/preOpen_IREDAEQN.svg,166.3,1,0
ASTRAL,ASTRALEQN,,1335.1,-8.5,-0.63,1343.6,936,1249653,165242121549.66,2454.0,1232.3,1335.1,https://nsearchives.nseindia.com/today/preOpen_ASTRALEQN.svg,1331.0,10,0
EXIDEIND,EXIDEINDEQN,,368.15,-2.35,-0.63,370.5,5351,1969970,167984656290.0,620.35,328.0,368.15,https://nsearchives.nseindia.com/today/preOpen_EXIDEINDEQN.svg,367.7,10,0
PIDILITIND,PIDILITINDEQN,,2991.5,-19.7,-0.65,3011.2,830,2482945,461448585946.24,3415.0,2622.2,2991.5,https://nsearchives.nseindia.com/today/preOpen_PIDILITINDEQN.svg,2990.0,106,0
SJVN,SJVNEQN,,96.0,-0.64,-0.66,96.64,29411,2823456,68476523732.57,159.65,80.54,96.0,https://nsearchives.nseindia.com/today/preOpen_SJVNEQN.svg,95.72,10,0
INDHOTEL,INDHOTELEQN,,781.1,-5.25,-0.67,786.35,6260,4889686,687363351855.36,894.9,506.45,781.1,https://nsearchives.nseindia.com/today/preOpen_INDHOTELEQN.svg,780.05,1,0
JSWSTEEL,JSWSTEELEQN,,1021.4,-7.0,-0.68,1028.4,1105,1128647,966448618136.51,1074.9,823.8,1021.4,https://nsearchives.nseindia.com/today/preOpen_JSWSTEELEQN.svg,1019.0,1,0
ALKEM,ALKEMEQN,,4999.0,-34.5,-0.69,5033.5,119,594881,267153424700.4,6439.9,4407.05,4999.0,https://nsearchives.nseindia.com/today/preOpen_ALKEMEQN.svg,4970.0,25,0
POWERGRID,POWERGRIDEQN,,304.2,-2.3,-0.75,306.5,37204,11317456,1379950458435.03,366.25,247.3,304.2,https://nsearchives.nseindia.com/today/preOpen_POWERGRIDEQN.svg,303.55,1010,0
NTPC,NTPCEQN,,353.7,-2.75,-0.77,356.45,16605,5873188,1681102993357.02,448.45,292.8,353.7,https://nsearchives.nseindia.com/today/preOpen_NTPCEQN.svg,353.5,54,0
CESC,CESCEQN,,152.7,-1.26,-0.82,153.96,7877,1202817,96533859292.36,212.49,119.0,152.7,https://nsearchives.nseindia.com/today/preOpen_CESCEQN.svg,152.5,230,0
TATACONSUM,TATACONSUMEQN,,1146.1,-9.6,-0.83,1155.7,3146,3605630,746196967666.33,1250.1,882.9,1146.1,https://nsearchives.nseindia.com/today/preOpen_TATACONSUMEQN.svg,1140.4,2,0
KEI,KEIEQN,,2942.0,-25.1,-0.85,2967.1,515,1515130,181722371974.93,5039.7,2424.0,2942.0,https://nsearchives.nseindia.com/today/preOpen_KEIEQN.svg,2935.1,2,0
ASHOKLEY,ASHOKLEYEQN,,223.1,-1.94,-0.86,225.04,12005,2678315,321117231359.3,264.65,177.05,223.1,https://nsearchives.nseindia.com/today/preOpen_ASHOKLEYEQN.svg,222.65,12,0
BPCL,BPCLEQN,,293.1,-2.6,-0.88,295.7,10574,3099239,570703990632.75,376.0,234.01,293.1,https://nsearchives.nseindia.com/today/preOpen_BPCLEQN.svg,292.7,9,0
UNITDSPR,UNITDSPREQN,,1533.0,-14.4,-0.93,1547.4,532,815556,454504089291.71,1700.0,1136.3,1533.0,https://nsearchives.nseindia.com/today/preOpen_UNITDSPREQN.svg,1528.0,203,0
ICICIPRULI,ICICIPRULIEQN,,590.25,-5.55,-0.93,595.8,1157,682919,230874893407.24,796.8,515.45,590.25,https://nsearchives.nseindia.com/today/preOpen_ICICIPRULIEQN.svg,587.0,16,0
HINDPETRO,HINDPETROEQN,,377.0,-3.7,-0.97,380.7,9599,3618823,364018556516.81,457.15,287.55,377.0,https://nsearchives.nseindia.com/today/preOpen_HINDPETROEQN.svg,376.1,345,0
INDIGO,INDIGOEQN,,5254.0,-59.5,-1.12,5313.5,1647,8653338,1039578797691.86,5649.0,3727.15,5254.0,https://nsearchives.nseindia.com/today/preOpen_INDIGOEQN.svg,5250.0,162,0
CGPOWER,CGPOWEREQN,,626.0,-7.1,-1.12,633.1,4292,2686792,403018736187.2,874.7,517.7,626.0,https://nsearchives.nseindia.com/today/preOpen_CGPOWEREQN.svg,622.0,4,0
NCC,NCCEQN,,209.21,-2.56,-1.21,211.77,12075,2526210,86254825979.94,364.5,170.05,209.21,https://nsearchives.nseindia.com/today/preOpen_NCCEQN.svg,208.8,54,0
JSWENERGY,JSWENERGYEQN,,476.85,-5.85,-1.21,482.7,13973,6663025,256603337204.7,804.9,418.75,476.85,https://nsearchives.nseindia.com/today/preOpen_JSWENERGYEQN.svg,475.7,2,0
ETERNAL,ETERNALEQN,,226.0,-2.81,-1.23,228.81,197972,44741672,1577701509569.59,304.7,146.3,226.0,https://nsearchives.nseindia.com/today/preOpen_ETERNALEQN.svg,225.43,1,0
INOXWIND,INOXWINDEQN,,170.0,-2.14,-1.24,172.14,39321,6684570,114798371887.98,261.9,124.25,170.0,https://nsearchives.nseindia.com/today/preOpen_INOXWINDEQN.svg,169.75,2,0
NBCC,NBCCEQN,,94.2,-1.29,-1.35,95.49,49298,4643871,98298779040.0,139.83,70.8,94.2,https://nsearchives.nseindia.com/today/preOpen_NBCCEQN.svg,94.0,876,0
CHOLAFIN,CHOLAFINEQN,,1522.1,-21.4,-1.39,1543.5,6113,9304597,641769607915.5,1682.0,1147.25,1522.1,https://nsearchives.nseindia.com/today/preOpen_CHOLAFINEQN.svg,1520.1,1,0
MARUTI,MARUTIEQN,,11428.0,-270.0,-2.31,11698.0,13478,154026584,1524856099529.6,13680.0,10725.0,11428.0,https://nsearchives.nseindia.com/today/preOpen_MARUTIEQN.svg,11412.0,1,0
POONAWALLA,POONAWALLAEQN,,369.0,-11.4,-3.0,380.4,77343,28539567,109051247887.41,507.8,267.2,369.0,https://nsearchives.nseindia.com/today/preOpen_POONAWALLAEQN.svg,368.0,311,0
IDFCFIRSTB,IDFCFIRSTBEQN,,63.52,-2.56,-3.87,66.08,628223,39904724,408036603573.33,86.1,52.46,63.52,https://nsearchives.nseindia.com/today/preOpen_IDFCFIRSTBEQN.svg,63.45,600,0
SHRIRAMFIN,SHRIRAMFINEQN,,622.7,-32.5,-4.96,655.2,169044,105263698,893326154759.14,730.45,438.6,622.7,https://nsearchives.nseindia.com/today/preOpen_SHRIRAMFINEQN.svg,622.15,45,0
LTF,LTFEQN,,162.7,-10.29,-5.95,172.99,158007,25707738,137616097527.13,194.25,129.2,162.7,https://nsearchives.nseindia.com/today/preOpen_LTFEQN.svg,162.1,300,0
